target uniprot id,target uniprot gene,interactor uniprot id,interactor uniprot gene,mentha score,PDB id,fusion,target chain id,target starting residue,target ending residue,interactor chain id,interactor starting residue,interactor ending residue,other interactors,method,resolution,dna chains,num ligands,PMID,pDockQ HuMap,pDockQ HuRI
O15315,RAD51B,O43502,RAD51C,0.787,8FAZ,na,B,1,345,C,1,376,O75771;O43543,Electron Microscopy,2.3,0.0,3.0,11751636 11744692 15115758 24141787 ,na,na
O15315,RAD51B,O43502,RAD51C,0.787,8GBJ,na,B,1,345,C,1,376,O75771;O43543,Electron Microscopy,3.11,1.0,1.0,11751636 11744692 15115758 24141787 ,na,na
O15315,RAD51B,O43502,RAD51C,0.787,8OUY,na,A,1,345,B,1,376,O75771;O43543,Electron Microscopy,3.4,0.0,3.0,11751636 11744692 15115758 24141787 ,na,na
O15315,RAD51B,O43502,RAD51C,0.787,8OUZ,na,A,1,345,B,1,376,O75771;O43543,Electron Microscopy,2.2,0.0,3.0,11751636 11744692 15115758 24141787 ,na,na
O15315,RAD51B,P07305,H1F0,0.523,na,na,na,na,na,na,na,na,na,na,na,na,na,14595808 ,na,na
O15315,RAD51B,Q6NVH7,SWSAP1,0.454,na,na,na,na,na,na,na,na,na,na,na,na,na,21965664 ,na,na
O15315,RAD51B,Q8IZU0,FAM9B,0.454,na,na,na,na,na,na,na,na,na,na,na,na,na,25416956 ,na,na
O15315,RAD51B,O43543,XRCC2,0.396,8FAZ,na,B,1,345,X,1,280,O43502;O75771,Electron Microscopy,2.3,0.0,3.0,26186194 28514442 11744692 ,na,na
O15315,RAD51B,O43543,XRCC2,0.396,8GBJ,na,B,1,345,X,1,280,O43502;O75771,Electron Microscopy,3.11,1.0,1.0,26186194 28514442 11744692 ,na,na
O15315,RAD51B,O43543,XRCC2,0.396,8OUY,na,A,1,345,D,1,280,O43502;O75771,Electron Microscopy,3.4,0.0,3.0,26186194 28514442 11744692 ,na,na
O15315,RAD51B,O43543,XRCC2,0.396,8OUZ,na,A,1,345,D,2,280,O43502;O75771,Electron Microscopy,2.2,0.0,3.0,26186194 28514442 11744692 ,na,na
O15315,RAD51B,P62805,HIST4H4,0.309,na,na,na,na,na,na,na,na,na,na,na,na,na,14595808 ,na,na
O15315,RAD51B,P62807,HIST1H2BI,0.309,na,na,na,na,na,na,na,na,na,na,na,na,na,14595808 ,na,na
O15315,RAD51B,P68431,HIST1H3J,0.309,na,na,na,na,na,na,na,na,na,na,na,na,na,14595808 ,na,na
O15315,RAD51B,Q6FHY5,MEOX2 {ECO:0000313|EMBL:CAG38790.1},0.236,na,na,na,na,na,na,na,na,na,na,na,na,na,unassigned1304 ,na,na
O15315,RAD51B,Q86UA6,RPAIN,0.236,na,na,na,na,na,na,na,na,na,na,na,na,na,unassigned1304 ,na,na
O15315,RAD51B,Q8NHP1,AKR7L,0.236,na,na,na,na,na,na,na,na,na,na,na,na,na,unassigned1304 ,na,na
O15315,RAD51B,O75771,RAD51D,0.21,8FAZ,na,B,1,345,D,1,328,O43502;O43543,Electron Microscopy,2.3,0.0,3.0,11744692 ,na,na
O15315,RAD51B,O75771,RAD51D,0.21,8GBJ,na,B,1,345,D,1,328,O43502;O43543,Electron Microscopy,3.11,1.0,1.0,11744692 ,na,na
O15315,RAD51B,O75771,RAD51D,0.21,8OUY,na,A,1,345,C,1,328,O43502;O43543,Electron Microscopy,3.4,0.0,3.0,11744692 ,na,na
O15315,RAD51B,O75771,RAD51D,0.21,8OUZ,na,A,1,345,C,1,328,O43502;O43543,Electron Microscopy,2.2,0.0,3.0,11744692 ,na,na
O15315,RAD51B,Q8TDG4,HELQ,0.21,na,na,na,na,na,na,na,na,na,na,na,na,na,24005329 ,na,na
